"","Neural","Blood","Mesoderm","Skin"
"Neural",NA,0.0069388265710354,0.0102859207984099,0.00462866435928443
"Blood",0.152258982568481,NA,0.0407328352899324,0.00747065101387407
"Mesoderm",0.0602662929222144,0.00613174491941135,NA,0.0141906096706377
"Skin",0.0324074074074074,0.00833333333333333,0.0555555555555556,NA
